URL,Hierarchy,Depth
https://lc.hkbu.edu.hk/main/,main,1
https://lc.hkbu.edu.hk/main/welcome/,main > welcome,2
https://lc.hkbu.edu.hk/main/sitemap/,main > sitemap,2
https://lc.hkbu.edu.hk/main/test_home/,main > test_home,2
https://lc.hkbu.edu.hk/main/achievements/,main > achievements,2
https://lc.hkbu.edu.hk/main/wuyc/,main > wuyc,2
https://lc.hkbu.edu.hk/main/cschu/,main > cschu,2
https://lc.hkbu.edu.hk/main/lawching/,main > lawching,2
https://lc.hkbu.edu.hk/main/ltwong/,main > ltwong,2
https://lc.hkbu.edu.hk/main/jchoe/,main > jchoe,2
https://lc.hkbu.edu.hk/main/joanneli/,main > joanneli,2
https://lc.hkbu.edu.hk/main/leoyu/,main > leoyu,2
https://lc.hkbu.edu.hk/main/michellef/,main > michellef,2
https://lc.hkbu.edu.hk/main/janelo/,main > janelo,2
https://lc.hkbu.edu.hk/main/kinchan/,main > kinchan,2
https://lc.hkbu.edu.hk/main/dan_lu/,main > dan_lu,2
https://lc.hkbu.edu.hk/main/haumchiu/,main > haumchiu,2
https://lc.hkbu.edu.hk/main/mkan208/,main > mkan208,2
https://lc.hkbu.edu.hk/main/zhoubo/,main > zhoubo,2
https://lc.hkbu.edu.hk/main/allylxx/,main > allylxx,2
https://lc.hkbu.edu.hk/main/cheungshunwa/,main > cheungshunwa,2
https://lc.hkbu.edu.hk/main/chushirley/,main > chushirley,2
https://lc.hkbu.edu.hk/main/liwaiyin/,main > liwaiyin,2
https://lc.hkbu.edu.hk/main/gracetin/,main > gracetin,2
https://lc.hkbu.edu.hk/main/huangqin/,main > huangqin,2
https://lc.hkbu.edu.hk/main/mlyim/,main > mlyim,2
https://lc.hkbu.edu.hk/main/professional-development/,main > professional-development,2
https://lc.hkbu.edu.hk/main/staff-foreign/wakae/,main > staff-foreign > wakae,3
https://lc.hkbu.edu.hk/main/submenu-langforcareerdev/,main > submenu-langforcareerdev,2
https://lc.hkbu.edu.hk/main/staff-chinese/staff-mr-rey-jean-luc/,main > staff-chinese > staff-mr-rey-jean-luc,3
https://lc.hkbu.edu.hk/main/paulmyers/,main > paulmyers,2
https://lc.hkbu.edu.hk/main/staff-chinese/staff-mr-gast-frank-ulrich/,main > staff-chinese > staff-mr-gast-frank-ulrich,3
https://lc.hkbu.edu.hk/main/staff-chinese/staff-mr-jacky-fan-ho-yin/,main > staff-chinese > staff-mr-jacky-fan-ho-yin,3
https://lc.hkbu.edu.hk/main/staff-chinese/staff-dr-littig-irene-brigitta/,main > staff-chinese > staff-dr-littig-irene-brigitta,3
https://lc.hkbu.edu.hk/main/staff-chinese/staff-dr-garralda-ortega-maria/,main > staff-chinese > staff-dr-garralda-ortega-maria,3
https://lc.hkbu.edu.hk/main/staff-chinese/staff-mr-chen-bi-cheng-jimmy/,main > staff-chinese > staff-mr-chen-bi-cheng-jimmy,3
https://lc.hkbu.edu.hk/main/staff-chinese/staff-ms-kong-sung-tak-sandra/,main > staff-chinese > staff-ms-kong-sung-tak-sandra,3
https://lc.hkbu.edu.hk/main/staff-chinese/staff-ms-mochizuki-takako/,main > staff-chinese > staff-ms-mochizuki-takako,3
https://lc.hkbu.edu.hk/main/lnchow/,main > lnchow,2
https://lc.hkbu.edu.hk/main/vickyman/,main > vickyman,2
https://lc.hkbu.edu.hk/main/tonyhung/,main > tonyhung,2
https://lc.hkbu.edu.hk/main/research-2011/,main > research-2011,2
https://lc.hkbu.edu.hk/main/research-2013/,main > research-2013,2
https://lc.hkbu.edu.hk/main/research-2012/,main > research-2012,2
https://lc.hkbu.edu.hk/main/research-2014/,main > research-2014,2
https://lc.hkbu.edu.hk/main/research-2015/,main > research-2015,2
https://lc.hkbu.edu.hk/main/research-2016/,main > research-2016,2
https://lc.hkbu.edu.hk/main/research-2017/,main > research-2017,2
https://lc.hkbu.edu.hk/main/research-2018/,main > research-2018,2
https://lc.hkbu.edu.hk/main/research-2019/,main > research-2019,2
https://lc.hkbu.edu.hk/main/eac/,main > eac,2
https://lc.hkbu.edu.hk/main/sarahtoogood/,main > sarahtoogood,2
https://lc.hkbu.edu.hk/main/zhangwei/,main > zhangwei,2
https://lc.hkbu.edu.hk/main/dgardner/,main > dgardner,2
https://lc.hkbu.edu.hk/main/staff-chinese/staff-mr-chau-wang-yeung-alex/,main > staff-chinese > staff-mr-chau-wang-yeung-alex,3
https://lc.hkbu.edu.hk/main/joy-wong/,main > joy-wong,2
https://lc.hkbu.edu.hk/main/tso-yuen/,main > tso-yuen,2
https://lc.hkbu.edu.hk/main/mr-cai-chaoqun/,main > mr-cai-chaoqun,2
https://lc.hkbu.edu.hk/main/li-shanshan/,main > li-shanshan,2
https://lc.hkbu.edu.hk/main/ms-chan-ngan-shuen/,main > ms-chan-ngan-shuen,2
https://lc.hkbu.edu.hk/main/ms-chen-yongyin/,main > ms-chen-yongyin,2
https://lc.hkbu.edu.hk/main/staff-chinese/staff-ms-petillon-marie/,main > staff-chinese > staff-ms-petillon-marie,3
https://lc.hkbu.edu.hk/main/staff-chinese/staff-mr-lebayle-cedric/,main > staff-chinese > staff-mr-lebayle-cedric,3
https://lc.hkbu.edu.hk/main/staff-mr-navas-emilio/,main > staff-mr-navas-emilio,2
https://lc.hkbu.edu.hk/main/staff-ms-kwon-hyung-gi-julia/,main > staff-ms-kwon-hyung-gi-julia,2
https://lc.hkbu.edu.hk/main/mr-olongo-georges/,main > mr-olongo-georges,2
https://lc.hkbu.edu.hk/main/jonathan-rickard_eng/,main > jonathan-rickard_eng,2
https://lc.hkbu.edu.hk/main/lam-him-sing-octavius/,main > lam-him-sing-octavius,2
https://lc.hkbu.edu.hk/main/lydia-lam/,main > lydia-lam,2
https://lc.hkbu.edu.hk/main/tiffany-ip/,main > tiffany-ip,2
https://lc.hkbu.edu.hk/main/shen-minyu/,main > shen-minyu,2
https://lc.hkbu.edu.hk/main/lschau/,main > lschau,2
https://lc.hkbu.edu.hk/main/au-yeung-wai/,main > au-yeung-wai,2
https://lc.hkbu.edu.hk/main/littlewo/,main > littlewo,2
https://lc.hkbu.edu.hk/main/staff-tsui-wing-kan-pearl/,main > staff-tsui-wing-kan-pearl,2
https://lc.hkbu.edu.hk/main/pbwarren/,main > pbwarren,2
https://lc.hkbu.edu.hk/main/staff-chinese/yuensauchan/,main > staff-chinese > yuensauchan,3
https://lc.hkbu.edu.hk/main/photo-certificate-presentation/,main > photo-certificate-presentation,2
https://lc.hkbu.edu.hk/main/%e7%ac%ac%e5%8d%81%e4%ba%94%e5%b1%86%e5%a4%a7%e5%b0%88%e4%b8%ad%e6%96%87%e6%95%99%e5%ad%b8%e4%ba%a4%e6%b5%81%e6%9c%83/,main > %e7%ac%ac%e5%8d%81%e4%ba%94%e5%b1%86%e5%a4%a7%e5%b0%88%e4%b8%ad%e6%96%87%e6%95%99%e5%ad%b8%e4%ba%a4%e6%b5%81%e6%9c%83,2
https://lc.hkbu.edu.hk/main/staff-publications-2019/,main > staff-publications-2019,2
https://lc.hkbu.edu.hk/main/photo-diploma-pth/,main > photo-diploma-pth,2
https://lc.hkbu.edu.hk/main/photo-international-festival/,main > photo-international-festival,2
https://lc.hkbu.edu.hk/main/photo-us-consulate-speakers/,main > photo-us-consulate-speakers,2
https://lc.hkbu.edu.hk/main/photo-japanese-talk/,main > photo-japanese-talk,2
https://lc.hkbu.edu.hk/main/photo-foreign-countries/,main > photo-foreign-countries,2
https://lc.hkbu.edu.hk/main/photo-idioms/,main > photo-idioms,2
https://lc.hkbu.edu.hk/main/photo-aichi-university/,main > photo-aichi-university,2
https://lc.hkbu.edu.hk/main/photo-pth/,main > photo-pth,2
https://lc.hkbu.edu.hk/main/photo-literture-platform/,main > photo-literture-platform,2
https://lc.hkbu.edu.hk/main/photo-diploma-chinese/,main > photo-diploma-chinese,2
https://lc.hkbu.edu.hk/main/photo-japanese-career/,main > photo-japanese-career,2
https://lc.hkbu.edu.hk/main/photo-us-consulate-film/,main > photo-us-consulate-film,2
https://lc.hkbu.edu.hk/main/photo-visit-phd/,main > photo-visit-phd,2
https://lc.hkbu.edu.hk/main/photo-english-table-manner-class/,main > photo-english-table-manner-class,2
https://lc.hkbu.edu.hk/main/photo-chinese-table-manner-class/,main > photo-chinese-table-manner-class,2
https://lc.hkbu.edu.hk/main/danburge/,main > danburge,2
https://lc.hkbu.edu.hk/main/home-old/,main > home-old,2
https://lc.hkbu.edu.hk/main/peggylai/,main > peggylai,2
https://lc.hkbu.edu.hk/main/staff-dr_guo_songdan_nancy/,main > staff-dr_guo_songdan_nancy,2
https://lc.hkbu.edu.hk/main/meilin22/,main > meilin22,2
https://lc.hkbu.edu.hk/main/johndp/,main > johndp,2
https://lc.hkbu.edu.hk/main/vienna/,main > vienna,2
https://lc.hkbu.edu.hk/main/staff-chinese/staff-dr-hung-chi-kum/,main > staff-chinese > staff-dr-hung-chi-kum,3
https://lc.hkbu.edu.hk/main/simonwang/,main > simonwang,2
https://lc.hkbu.edu.hk/main/hcng/,main > hcng,2
https://lc.hkbu.edu.hk/main/mfleung/,main > mfleung,2
https://lc.hkbu.edu.hk/main/gcap-3056/,main > gcap-3056,2
https://lc.hkbu.edu.hk/main/mr-ngai-ho-lun-hollis/,main > mr-ngai-ho-lun-hollis,2
https://lc.hkbu.edu.hk/main/ms-cheng-ting-kwan-venice/,main > ms-cheng-ting-kwan-venice,2
https://lc.hkbu.edu.hk/main/cmdc/,main > cmdc,2
https://lc.hkbu.edu.hk/main/staff-ms-ashley-wong/,main > staff-ms-ashley-wong,2
https://lc.hkbu.edu.hk/main/staff-dr-huang-ze-ping-michelle/,main > staff-dr-huang-ze-ping-michelle,2
https://lc.hkbu.edu.hk/main/maksk/,main > maksk,2
https://lc.hkbu.edu.hk/main/ivanchanyf/,main > ivanchanyf,2
https://lc.hkbu.edu.hk/main/hhyhk/,main > hhyhk,2
https://lc.hkbu.edu.hk/main/staff-dr-lee-ka-man-kathy/,main > staff-dr-lee-ka-man-kathy,2
https://lc.hkbu.edu.hk/main/minor-programmes/,main > minor-programmes,2
https://lc.hkbu.edu.hk/main/biweekly-bulletin/,main > biweekly-bulletin,2
https://lc.hkbu.edu.hk/main/staff-research/,main > staff-research,2
https://lc.hkbu.edu.hk/main/photos/english-short-story/,main > photos > english-short-story,3
https://lc.hkbu.edu.hk/main/photos/drama/,main > photos > drama,3
https://lc.hkbu.edu.hk/main/photos/english-speaking-contest/,main > photos > english-speaking-contest,3
https://lc.hkbu.edu.hk/main/photos/cantonese/,main > photos > cantonese,3
https://lc.hkbu.edu.hk/main/photos/literature/,main > photos > literature,3
https://lc.hkbu.edu.hk/main/speech-pth/details/,main > speech-pth > details,3
https://lc.hkbu.edu.hk/main/speech-c/details/,main > speech-c > details,3
https://lc.hkbu.edu.hk/main/english-speaking-contest/tips/,main > english-speaking-contest > tips,3
https://lc.hkbu.edu.hk/main/photos/hung-leung/,main > photos > hung-leung,3
https://lc.hkbu.edu.hk/main/lhmconi/,main > lhmconi,2
https://lc.hkbu.edu.hk/main/photos/,main > photos,2
https://lc.hkbu.edu.hk/main/staff-mr-cheung-hoi-yin-angus/,main > staff-mr-cheung-hoi-yin-angus,2
https://lc.hkbu.edu.hk/main/ses-pth/,main > ses-pth,2
https://lc.hkbu.edu.hk/main/ielts/prepare_more/,main > ielts > prepare_more,3
https://lc.hkbu.edu.hk/main/ielts/prepare_less/,main > ielts > prepare_less,3
https://lc.hkbu.edu.hk/main/ielts/listening/,main > ielts > listening,3
https://lc.hkbu.edu.hk/main/cptp/,main > cptp,2
https://lc.hkbu.edu.hk/main/putonghua-speaking-enhancement/,main > putonghua-speaking-enhancement,2
https://lc.hkbu.edu.hk/main/english-speaking-contest/examples/,main > english-speaking-contest > examples,3
https://lc.hkbu.edu.hk/main/drama-club/,main > drama-club,2
https://lc.hkbu.edu.hk/main/ielts/reading/,main > ielts > reading,3
https://lc.hkbu.edu.hk/main/ielts/writing/,main > ielts > writing,3
https://lc.hkbu.edu.hk/main/ielts/speaking/,main > ielts > speaking,3
https://lc.hkbu.edu.hk/main/ielts/course/,main > ielts > course,3
https://lc.hkbu.edu.hk/main/ira/,main > ira,2
https://lc.hkbu.edu.hk/main/course-certificates/,main > course-certificates,2
https://lc.hkbu.edu.hk/main/peertutoring/,main > peertutoring,2
https://lc.hkbu.edu.hk/main/course_refund/,main > course_refund,2
https://lc.hkbu.edu.hk/main/course-certificate/,main > course-certificate,2
https://lc.hkbu.edu.hk/main/facilities/,main > facilities,2
https://lc.hkbu.edu.hk/main/refund-policy/,main > refund-policy,2
https://lc.hkbu.edu.hk/main/services/,main > services,2
https://lc.hkbu.edu.hk/main/submenu-template/,main > submenu-template,2
https://lc.hkbu.edu.hk/main/english-short-story/winners/,main > english-short-story > winners,3
https://lc.hkbu.edu.hk/main/staff-dr-joshua-chan/,main > staff-dr-joshua-chan,2
https://lc.hkbu.edu.hk/main/xyli/,main > xyli,2
https://lc.hkbu.edu.hk/main/yulungkit/,main > yulungkit,2
https://lc.hkbu.edu.hk/main/credly/,main > credly,2
https://lc.hkbu.edu.hk/main/ellielaw/,main > ellielaw,2
https://lc.hkbu.edu.hk/main/staff-ms-natalie-liu/,main > staff-ms-natalie-liu,2
https://lc.hkbu.edu.hk/main/ritagill/,main > ritagill,2
https://lc.hkbu.edu.hk/main/staff-dr-emma-zhang/,main > staff-dr-emma-zhang,2
https://lc.hkbu.edu.hk/main/staff-foreign/staff-ms-le-gall-alice-marie/,main > staff-foreign > staff-ms-le-gall-alice-marie,3
https://lc.hkbu.edu.hk/main/staff-foreign/staff-dr-romo-simon-francisco/,main > staff-foreign > staff-dr-romo-simon-francisco,3
https://lc.hkbu.edu.hk/main/staff-publications-2021/,main > staff-publications-2021,2
https://lc.hkbu.edu.hk/main/staff-mr-christopher-young/,main > staff-mr-christopher-young,2
https://lc.hkbu.edu.hk/main/ielts/,main > ielts,2
https://lc.hkbu.edu.hk/main/drama/winners/,main > drama > winners,3
https://lc.hkbu.edu.hk/main/reading-club/,main > reading-club,2
https://lc.hkbu.edu.hk/main/application-procedures-for-course-certificates/,main > application-procedures-for-course-certificates,2
https://lc.hkbu.edu.hk/main/course_ielts/,main > course_ielts,2
https://lc.hkbu.edu.hk/main/full-fee-refund-policy-and-application-procedures/,main > full-fee-refund-policy-and-application-procedures,2
https://lc.hkbu.edu.hk/main/staff-english/staff-ms-louisa-wong/,main > staff-english > staff-ms-louisa-wong,3
https://lc.hkbu.edu.hk/main/3mt/,main > 3mt,2
https://lc.hkbu.edu.hk/main/ielts/resources/,main > ielts > resources,3
https://lc.hkbu.edu.hk/main/conference/,main > conference,2
https://lc.hkbu.edu.hk/main/drama/,main > drama,2
https://lc.hkbu.edu.hk/main/english-speaking-contest/,main > english-speaking-contest,2
https://lc.hkbu.edu.hk/main/speech-c/,main > speech-c,2
https://lc.hkbu.edu.hk/main/staff-putonghua/,main > staff-putonghua,2
https://lc.hkbu.edu.hk/main/psc-sponsorship/,main > psc-sponsorship,2
https://lc.hkbu.edu.hk/main/staff-chinese/staff-ms-wang-yi-yvonne/,main > staff-chinese > staff-ms-wang-yi-yvonne,3
https://lc.hkbu.edu.hk/main/staff-foreign/,main > staff-foreign,2
https://lc.hkbu.edu.hk/main/staff-english/,main > staff-english,2
https://lc.hkbu.edu.hk/main/staff-chinese/,main > staff-chinese,2
https://lc.hkbu.edu.hk/main/tanpang/,main > tanpang,2
https://lc.hkbu.edu.hk/main/english-short-story/,main > english-short-story,2
https://lc.hkbu.edu.hk/main/english-speaking-contest/winners/,main > english-speaking-contest > winners,3
https://lc.hkbu.edu.hk/main/one-minute-short-video/,main > one-minute-short-video,2
https://lc.hkbu.edu.hk/main/speech-c/winners/,main > speech-c > winners,3
https://lc.hkbu.edu.hk/main/speech-pth-winners/,main > speech-pth-winners,2
https://lc.hkbu.edu.hk/main/speech-pth/,main > speech-pth,2
https://lc.hkbu.edu.hk/main/lcchi/book/,main > lcchi > book,3
https://lc.hkbu.edu.hk/main/ielts/sponsorship/,main > ielts > sponsorship,3
https://lc.hkbu.edu.hk/main/ielts/awards/,main > ielts > awards,3
https://lc.hkbu.edu.hk/main/download/,main > download,2
https://lc.hkbu.edu.hk/main/photos/lionrock/,main > photos > lionrock,3
https://lc.hkbu.edu.hk/main/lionrock/,main > lionrock,2
https://lc.hkbu.edu.hk/main/lcchi/,main > lcchi,2
https://lc.hkbu.edu.hk/main/lcchi/uni/,main > lcchi > uni,3
https://lc.hkbu.edu.hk/main/lcchi/sec/,main > lcchi > sec,3
https://lc.hkbu.edu.hk/main/lcchi/winners/,main > lcchi > winners,3
https://lc.hkbu.edu.hk/main/sponsorship/,main > sponsorship,2
https://lc.hkbu.edu.hk/main/youngwriter/winners/,main > youngwriter > winners,3
https://lc.hkbu.edu.hk/main/youngwriter/,main > youngwriter,2
https://lc.hkbu.edu.hk/main/staff-publications-2017/,main > staff-publications-2017,2
https://lc.hkbu.edu.hk/main/staff-publications-2012/,main > staff-publications-2012,2
https://lc.hkbu.edu.hk/main/staff-publications-2011/,main > staff-publications-2011,2
https://lc.hkbu.edu.hk/main/staff-publications-2018/,main > staff-publications-2018,2
https://lc.hkbu.edu.hk/main/staff-publications-2016/,main > staff-publications-2016,2
https://lc.hkbu.edu.hk/main/staff-publications-2015/,main > staff-publications-2015,2
https://lc.hkbu.edu.hk/main/staff-publications-2014/,main > staff-publications-2014,2
https://lc.hkbu.edu.hk/main/staff-publications-2013/,main > staff-publications-2013,2
https://lc.hkbu.edu.hk/main/staff-publications-2023/,main > staff-publications-2023,2
https://lc.hkbu.edu.hk/main/staff-publications-2020/,main > staff-publications-2020,2
https://lc.hkbu.edu.hk/main/staff-publications-2022/,main > staff-publications-2022,2
https://lc.hkbu.edu.hk/main/mablechan/,main > mablechan,2
https://lc.hkbu.edu.hk/main/english-course/,main > english-course,2
https://lc.hkbu.edu.hk/main/chinese-course/,main > chinese-course,2
https://lc.hkbu.edu.hk/main/pth-course/,main > pth-course,2
https://lc.hkbu.edu.hk/main/foreign-course/,main > foreign-course,2
https://lc.hkbu.edu.hk/main/examinations/,main > examinations,2
https://lc.hkbu.edu.hk/main/sponsorshipsawards/,main > sponsorshipsawards,2
https://lc.hkbu.edu.hk/main/self-learning/,main > self-learning,2
https://lc.hkbu.edu.hk/main/projects/,main > projects,2
https://lc.hkbu.edu.hk/main/activities/,main > activities,2
https://lc.hkbu.edu.hk/main/mission/,main > mission,2
https://lc.hkbu.edu.hk/main/job/,main > job,2
https://lc.hkbu.edu.hk/main/lucky-draw/,main > lucky-draw,2
https://lc.hkbu.edu.hk/main/enhancement-services/,main > enhancement-services,2
https://lc.hkbu.edu.hk/main/epd_stories_index/,main > epd_stories_index,2
https://lc.hkbu.edu.hk/main/language-exchange/,main > language-exchange,2
https://lc.hkbu.edu.hk/main/lc-scholarship-bulletin/,main > lc-scholarship-bulletin,2
https://lc.hkbu.edu.hk/main/tesol-checklist-story/,main > tesol-checklist-story,2
https://lc.hkbu.edu.hk/main/staff-support/,main > staff-support,2
https://lc.hkbu.edu.hk/main/pthjs/,main > pthjs,2
